total_size_KB,cacheline_bits,num_entries,data_array_area_mm2,read_energy_pJ,write_energy_pJ,read_energy_pJ_per_bit,write_energy_pJ_per_bit,access_time_ns,leakage_mW
0.125,32,32.0,0.000375205,0.431093,0.30670200000000003,0.01347165625,0.009584437500000001,0.0455493,0.0353353
0.125,64,16.0,0.000451739,0.5825640000000001,0.474659,0.009102562500000001,0.007416546875,0.0432409,0.0400702
0.125,128,8.0,0.000630203,0.88544,0.810507,0.0069175,0.0063320859375,0.0427634,0.0497412
0.125,256,4.0,0.0019061,2.87165,2.6690300000000002,0.0112173828125,0.010425898437500001,0.0514052,0.11795
0.125,512,2.0,,,,,,,
0.125,1024,1.0,,,,,,,
0.25,32,64.0,0.000463974,0.44519299999999995,0.324099,0.013912281249999998,0.01012809375,0.0500413,0.0517665
0.25,64,32.0,0.000541465,0.596664,0.5085419999999999,0.009322875,0.007945968749999999,0.0491215,0.0565014
0.25,128,16.0,0.000722059,0.89954,0.877362,0.00702765625,0.006854390625,0.048644,0.0661724
0.25,256,8.0,0.00199586,2.88515,2.73528,0.0112701171875,0.0106846875,0.0514052,0.134831
0.25,512,4.0,0.00678377,10.286399999999999,9.88114,0.020090624999999997,0.0192991015625,0.0765275,0.394225
0.25,1024,2.0,,,,,,,
0.5,32,128.0,0.000940599,0.853722,0.578562,0.0266788125,0.0180800625,0.0604822,0.102173
0.5,64,64.0,0.00109213,1.14723,0.9050450000000001,0.01792546875,0.014141328125000002,0.0586258,0.106139
0.5,128,32.0,0.0014363,1.73513,1.5588799999999998,0.013555703125,0.012178749999999999,0.0577536,0.125795
0.5,256,16.0,0.00217189,2.91243,2.86808,0.0113766796875,0.0112034375,0.0573114,0.167187
0.5,512,8.0,0.0069596,10.3131,10.0133,0.0201427734375,0.0195572265625,0.0765275,0.42685
0.5,1024,4.0,0.0677982,55.827,55.5536,0.0545185546875,0.0542515625,0.152399,1.45945
0.75,32,192.0,0.00109414,0.880099,0.595048,0.02750309375,0.01859525,0.0614001,0.132929
0.75,64,96.0,0.00124566,1.17361,0.938017,0.01833765625,0.014656515625,0.0596878,0.136895
0.75,128,48.0,0.00158984,1.76151,1.62483,0.013761796875,0.012693984375,0.0588156,0.156551
0.75,256,24.0,0.00232543,2.93881,2.99997,0.0114797265625,0.0117186328125,0.0583734,0.197942
0.75,512,12.0,0.00711167,10.3394,10.1452,0.020194140625,0.01981484375,0.0765275,0.457606
0.75,1024,6.0,0.0679501,55.8401,55.6855,0.05453134765625,0.05438037109375,0.152664,1.4902
1,32,256,0.00105833,0.551762,0.450451,0.0172425625,0.01407659375,0.0815647,0.196367
1,64,128,0.00114639,0.7032320000000001,0.73381,0.010988000000000001,0.01146578125,0.080645,0.201102
1,128,64,0.00135051,1.0061099999999998,1.30046,0.007860234374999999,0.01015984375,0.0801675,0.210773
1,256,32,0.00275612,3.00948,3.17615,0.01175578125,0.0124068359375,0.0801059,0.266047
1,512,16,0.0073026,10.3667,10.278,0.0202474609375,0.02007421875,0.0765275,0.490336
1,1024,8,0.0682878,55.961200000000005,55.925200000000004,0.054649609375000005,0.054614453125000004,0.154169,1.5247
2,32,512,0.00177524,0.6770390000000001,0.602106,0.021157468750000002,0.0188158125,0.094277,0.373556
2,64,256,0.0018633,0.82851,1.01735,0.01294546875,0.01589609375,0.0933573,0.378291
2,128,128,0.00206742,1.13139,1.84778,0.008838984375,0.01443578125,0.0928797,0.387962
2,256,64,0.00345141,3.1132299999999997,3.70193,0.012161054687499999,0.0144606640625,0.0909544,0.430479
2,512,32,0.0085275,10.541,10.8744,0.020587890625,0.0212390625,0.10457,0.659223
2,1024,16,0.0692043,56.182,56.6209,0.054865234375,0.05529384765625,0.160327,1.65167
4,32,1024,0.00346562,1.2853,0.871657,0.040165625,0.02723928125,0.106741,0.693712
4,64,512,0.00363298,1.5788099999999998,1.42895,0.024668906249999997,0.02232734375,0.105029,0.697679
4,128,256,0.00401648,2.16671,2.54439,0.016927421875,0.019878046875,0.104157,0.717335
4,256,128,0.00483483,3.34401,4.77681,0.0130625390625,0.0186594140625,0.103714,0.758726
4,512,64,0.00985985,10.750300000000001,11.9277,0.020996679687500002,0.0232962890625,0.116547,0.9563
4,1024,32,0.0287993,39.315799999999996,39.982499999999995,0.038394335937499996,0.039045410156249995,0.166501,1.91928
8,32,2048,0.00769475,1.70631,1.2926700000000002,0.0533221875,0.040395937500000006,0.151439,1.38742
8,64,1024,0.00865969,2.32577,2.1759,0.03634015625,0.0339984375,0.150499,1.39536
8,128,512,0.010913,3.66192,4.03961,0.02860875,0.031559453125,0.151545,1.43467
8,256,256,0.00758848,3.7605500000000003,6.88152,0.014689648437500001,0.0268809375,0.134655,1.41456
8,512,128,0.012512,11.1921,14.057699999999999,0.0218595703125,0.027456445312499998,0.129484,1.54984
8,1024,64,0.0786299,59.3044,62.59199999999999,0.057914453125,0.06112499999999999,0.204682,2.5836
16,32,4096,0.0137708,2.40467,1.83276,0.0751459375,0.05727375,0.189338,2.6891
16,64,2048,0.0151987,3.17847,3.13412,0.04966359375,0.048970625,0.189465,2.70702
16,128,1024,0.0185062,5.77614,5.4764100000000004,0.04512609375,0.042784453125000003,0.18348,2.60132
16,256,512,0.0254467,9.87688,10.6323,0.0385815625,0.041532421875,0.178461,2.76605
16,512,256,0.0429253,19.532,22.3976,0.0381484375,0.0437453125,0.183449,3.09967
16,1024,128,0.0840204,59.816500000000005,66.9025,0.058414550781250005,0.06533447265625,0.217666,3.77067
32,32,8192,0.0271188,3.41169,2.83978,0.1066153125,0.088743125,0.25453,5.39817
32,64,4096,0.0297286,4.99272,4.94836,0.07801125,0.077318125,0.255175,5.41403
32,128,2048,0.0355655,8.4951,9.50585,0.06636796875,0.074264453125,0.259169,5.49266
32,256,1024,0.0578034,15.9516,16.707,0.0623109375,0.06526171875,0.242877,5.5321
32,512,512,0.103915,35.056,37.921499999999995,0.06846875,0.07406542968749999,0.258685,6.19934
32,1024,256,0.09469,60.7206,75.4033,0.0592974609375,0.07363603515625,0.248737,6.14348
64,32,16384,0.0561328,4.82062,4.24871,0.150644375,0.1327721875,0.329677,10.7963
64,64,8192,0.0627905,7.44855,7.4041999999999994,0.11638359375,0.11569062499999999,0.332836,10.8281
64,128,4096,0.0778039,13.429699999999999,14.4405,0.10491953124999999,0.11281640625,0.342392,10.9853
64,256,2048,0.122742,27.5096,28.264999999999997,0.107459375,0.11041015624999999,0.338851,11.0642
64,512,1024,0.147762,44.9786,51.2206,0.087848828125,0.100040234375,0.316546,10.945
64,1024,512,0.115887,62.5053,92.38159999999999,0.06104033203125,0.09021640624999999,0.308519,10.8699
128,32,32768,0.109593,6.859,6.28709,0.21434375,0.1964715625,0.423599,21.5927
128,64,16384,0.120024,10.8947,10.8504,0.1702296875,0.1695375,0.428917,21.6561
128,128,8192,0.136151,21.0516,23.0731,0.164465625,0.18025859375,0.439779,21.6561
128,256,4096,0.198378,42.406,43.916700000000006,0.1656484375,0.17154960937500002,0.443421,20.8106
128,512,2048,0.240292,80.60470000000001,93.0886,0.15743105468750002,0.181813671875,0.44331,20.5555
128,1024,1024,0.315303,143.201,173.077,0.1398447265625,0.1690205078125,0.458516,21.7399
